target_month,gross_return,turnover,cost_10bps,net_return
2019-01-31,0.016800786944061275,0.0,0.0,0.016629253745456027
2019-02-28,0.012391025794755605,0.22809013476821088,0.00022809013476821088,0.012162935659987394
2019-03-31,0.007313699975771618,0.10462445604980668,0.00010462445604980668,0.007209075519721811
2019-04-30,0.0023941178092936337,0.13111410207806878,0.00013111410207806878,0.0022630037072155643
2019-05-31,-0.023940297325203762,0.37085516494660575,0.00037085516494660576,-0.02431115249015037
2019-06-30,0.011438161598787211,0.1531971403856508,0.0001531971403856508,0.011284964458401561
2019-07-31,-0.005960081882014172,0.4509457136104007,0.0004509457136104007,-0.006411027595624572
2019-08-31,-0.028952493789775813,0.3184201083633563,0.00031842010836335635,-0.029270913898139173
2019-09-30,0.015614300188609296,0.36568202313301634,0.0003656820231330164,0.015248618165476279
2019-10-31,0.02491367384058654,0.06516755984808095,6.516755984808095e-05,0.024848506280738456
2019-11-30,-0.0016628354783414327,0.028593319021923504,2.8593319021923505e-05,-0.0016914287973633555
2019-12-31,0.04618016309838436,0.1272301030215313,0.0001272301030215313,0.046052932995362825
2020-01-31,-0.047157373370600435,0.38968259349701784,0.00038968259349701783,-0.04754705596409745
2020-02-29,-0.06237112228798437,0.4386677256857392,0.0004386677256857392,-0.06280979001367011
2020-03-31,-0.20084561224173647,0.11241256357288858,0.00011241256357288857,-0.20095802480530936
2020-04-30,-0.016915812701217624,0.13613144260206825,0.00013613144260206825,-0.017051944143819695
2020-05-31,0.10641705434083128,0.18475499660456368,0.00018475499660456369,0.1062322993442267
2020-06-30,0.04952816598856601,0.14450756332612705,0.00014450756332612706,0.049383658425239896
2020-07-31,0.058569687077052034,0.11943413519860777,0.00011943413519860777,0.05845025294185343
2020-08-31,0.052144308667956385,0.18077840619949914,0.00018077840619949915,0.05196353026175689
2020-09-30,-0.04471885676341826,0.13188997718173806,0.00013188997718173806,-0.0448507467406
2020-10-31,-0.023737747481683166,0.1501910646029052,0.0001501910646029052,-0.023887938546286073
2020-11-30,0.12143553445557573,0.06164272719497679,6.164272719497679e-05,0.12137389172838076
2020-12-31,0.050522735299952284,0.40884292491000196,0.00040884292491000197,0.05011389237504228
2021-01-31,0.0035547390585011288,0.21926299762861504,0.00021926299762861504,0.0033354760608725136
2021-02-28,-0.027349668951601232,0.5618998507725393,0.0005618998507725394,-0.02791156880237378
2021-03-31,-0.01010307723827966,0.15547523114447429,0.0001554752311444743,-0.010258552469424134
2021-04-30,0.03095087471084574,0.12015139915671591,0.00012015139915671591,0.030830723311689023
2021-05-31,0.05585507354729637,0.059334609264194184,5.933460926419419e-05,0.05579573893803218
2021-06-30,-0.053444778469525944,0.02391731664022901,2.391731664022901e-05,-0.05346869578616617
2021-07-31,0.019076741075712698,0.02154650039729513,2.154650039729513e-05,0.0190551945753154
2021-08-31,-0.0003515618955757478,0.008343157001987109,8.34315700198711e-06,-0.00035990505257773485
2021-09-30,-0.022883490771499006,0.04224626607378619,4.224626607378619e-05,-0.022925737037572794
2021-10-31,0.011944674155272682,0.08306414054057115,8.306414054057115e-05,0.011861610014732111
2021-11-30,-0.005483271686096931,0.05074091156088322,5.074091156088322e-05,-0.0055340125976578135
2021-12-31,0.02506580359912747,0.05026159130481973,5.0261591304819736e-05,0.02501554200782265
2022-01-31,-0.008207867716624987,0.02555782580964793,2.555782580964793e-05,-0.008233425542434638
2022-02-28,0.044712955621325566,0.03520838921931206,3.520838921931206e-05,0.044677747232106255
2022-03-31,0.011518292061559784,0.09442344097636249,9.44234409763625e-05,0.01142386862058342
2022-04-30,-0.010734139266586508,0.057683207045920504,5.7683207045920505e-05,-0.01079182247363243
2022-05-31,-0.02116058683165499,0.08310719398866007,8.310719398866007e-05,-0.02124369402564365
2022-06-30,-0.018198567099160828,0.12377334437922054,0.00012377334437922054,-0.018322340443540048
2022-07-31,-0.010210522431319643,0.096384710256319,9.638471025631901e-05,-0.010306907141575962
2022-08-31,-0.01117770459441824,0.009119043888973988,9.119043888973988e-06,-0.011186823638307215
2022-09-30,-0.010236456560507158,0.025579593667360102,2.5579593667360104e-05,-0.010262036154174516
2022-10-31,-0.006104264052994858,0.045116476232611585,4.511647623261159e-05,-0.00614938052922747
2022-11-30,0.03573261201471642,0.011207898088270433,1.1207898088270434e-05,0.03572140411662814
2022-12-31,0.016856019517542953,0.10234826350960172,0.00010234826350960172,0.01675367125403335
2023-01-31,0.03745937242806788,0.10560824673331276,0.00010560824673331276,0.03735376418133456
2023-02-28,-0.03608954421412778,0.7962527993242386,0.0007962527993242386,-0.03688579701345201
2023-03-31,-0.018936366815343074,0.16441043719111503,0.00016441043719111505,-0.019100777252534187
2023-04-30,-0.026837889721413946,0.19410217743251135,0.00019410217743251134,-0.027031991898846457
2023-05-31,-0.07551349471550327,0.02506281323047214,2.506281323047214e-05,-0.07553855752873373
2023-06-30,0.04314463639287686,0.06702662848990336,6.702662848990335e-05,0.04307760976438696
2023-07-31,0.10735842238745541,0.04290668125178657,4.2906681251786576e-05,0.10731551570620361
2023-08-31,-0.005670886624187588,0.06970082918648493,6.970082918648494e-05,-0.005740587453374074
2023-09-30,0.034752620269413094,0.05140518771589074,5.1405187715890744e-05,0.034701215081697205
2023-10-31,-0.0031425345222446635,0.4230583921969621,0.0004230583921969621,-0.003565592914441627
2023-11-30,-0.0339339270500118,0.33825833642825076,0.0003382583364282508,-0.03427218538644005
2023-12-31,-0.008002567492006894,0.17240376393942744,0.00017240376393942743,-0.008174971255946323
2024-01-31,0.01560613446950581,0.0998384456440177,9.98384456440177e-05,0.015506296023861792
2024-02-29,-0.010164198552714405,0.11523136881432651,0.00011523136881432651,-0.010279429921528733
2024-03-31,0.03708760655933159,0.14216314347111547,0.00014216314347111547,0.03694544341586047
2024-04-30,0.05469205182073538,0.1899666489008017,0.0001899666489008017,0.05450208517183458
2024-05-31,-0.020455024575402048,0.27622827390555293,0.0002762282739055529,-0.020731252849307602
2024-06-30,0.0262341639048351,0.16243688929597022,0.0001624368892959702,0.026071727015539135
2024-07-31,-0.020104170341388367,0.07363029593639182,7.363029593639183e-05,-0.020177800637324755
2024-08-31,-0.022455075540124297,0.19572769477979346,0.00019572769477979346,-0.022650803234904086
2024-09-30,-0.012748114073524643,0.047825184006328764,4.7825184006328766e-05,-0.01279593925753097
2024-10-31,0.028572554503202504,0.25747843384102964,0.0002574784338410296,0.028315076069361473
2024-11-30,-0.008385808909458262,0.0770923128648833,7.70923128648833e-05,-0.008462901222323146
2024-12-31,0.03495563379940166,0.06937917677777083,6.937917677777084e-05,0.034886254622623895
2025-01-31,0.027230855257605043,0.08172058791349097,8.172058791349097e-05,0.02714913466969155
2025-02-28,-0.0017293737506272676,0.02963484642609771,2.963484642609771e-05,-0.001759008597053365
2025-03-31,0.026082792820139637,0.14103969787061793,0.00014103969787061793,0.025941753122269016
2025-04-30,-0.10648789546843088,0.1978823207006227,0.00019788232070062272,-0.10668577778913149
2025-05-31,0.02476781700851279,0.1143169440091664,0.00011431694400916639,0.024653500064503626
2025-06-30,0.06843073770200157,0.014624187134348616,1.4624187134348617e-05,0.06841611351486722
2025-07-31,0.04659016557625906,0.037304466691416065,3.730446669141606e-05,0.04655286110956764
2025-08-31,-0.011338258810775706,0.3162677171291503,0.0003162677171291503,-0.011654526527904857
2025-09-30,0.011527356654439066,0.2611644641675215,0.0002611644641675215,0.011266192190271546
2025-10-31,0.02052154809439361,0.041607886559920544,4.1607886559920545e-05,0.02047994020783369
2025-11-30,-0.0022235711424282182,0.06900062937635601,6.900062937635601e-05,-0.0022925717718045744
2025-12-31,-0.0140563023166625,0.048785049247870124,4.8785049247870127e-05,-0.014105087365910369
2026-01-31,0.13029833777763525,0.0692152761656115,6.92152761656115e-05,0.13022912250146965
2026-02-28,0.009755034386869928,0.09153482191745418,9.153482191745419e-05,0.009663499564952473
2026-03-31,0.28918332912721034,0.028284316203969165,2.8284316203969166e-05,0.2891550448110064
2026-04-30,0.031741981021861376,0.6003462997810718,0.0006003462997810718,0.031141634722080303
2026-05-31,-0.009387999048648779,0.4072337984865853,0.0004072337984865853,-0.009795232847135365
