target_month,equal_weight,inverse_vol_12m,momentum_6m_top2_invvol,momentum_12m_top2_invvol,absolute_momentum_12m_cash,supervised_selector,ppo_10_seed_ensemble,sample_segment
2019-01-31,0.04874620222220045,0.036009752638326044,0.01379075912307288,0.013352838482644448,0.00192,0.035514538880385554,0.016629253745456027,ORIGINAL_OOS
2019-02-28,0.012824600540075582,-0.0005407577739793664,0.003341444355295953,0.010424530213164307,0.001809,0.01270554182102082,0.012162935659987394,ORIGINAL_OOS
2019-03-31,0.0025456547564833083,-0.00019939526081910104,-0.0020986658111175967,-0.011563801132684388,0.002415,0.0025456547564833083,0.007209075519721811,ORIGINAL_OOS
2019-04-30,-0.003870553949487338,-0.012179919615847747,-0.015118903758569498,0.00541941877063932,0.0011250000000000001,-0.003870553949487338,0.0022630037072155643,ORIGINAL_OOS
2019-05-31,-0.036694970177651755,-0.009936821230797387,-0.018489361733648877,-0.015491135556992015,0.001983,-0.036694970177651755,-0.02431115249015037,ORIGINAL_OOS
2019-06-30,0.03584360019018916,0.03578904493314504,0.07354563497557519,0.03935172528731248,0.079029,0.03567089824959803,0.011284964458401561,ORIGINAL_OOS
2019-07-31,-0.012005977989950536,-0.018247932878553152,0.0009397910873741888,-0.02279934192606433,7.5e-05,-0.0005526565557773442,-0.006411027595624572,ORIGINAL_OOS
2019-08-31,-0.02667898032785641,-0.01912942353124716,0.040469045996737146,0.022173624994040568,0.079123,-0.019821591417373153,-0.029270913898139173,ORIGINAL_OOS
2019-09-30,0.014814326477816317,0.01770251949807852,0.017038662546387296,-0.010177221652366345,-0.033948,-0.03462688490870388,0.015248618165476279,ORIGINAL_OOS
2019-10-31,0.020622481004915545,0.020138694917353896,0.01483857866827138,0.014373955087455858,0.025636,0.014373955087455858,0.024848506280738456,ORIGINAL_OOS
2019-11-30,-0.006568462665136247,-0.008973345059851008,-0.007940346777915367,-0.028919858100867314,-0.032086,-0.009338549229319483,-0.0016914287973633555,ORIGINAL_OOS
2019-12-31,0.04358138140856582,0.0403376815854758,0.05055092470486694,0.05062530503005906,0.036559,0.050507192199502206,0.046052932995362825,ORIGINAL_OOS
2020-01-31,-0.051412597016459255,-0.04192404312105869,-0.024383531483194325,-0.024383531483194325,-0.14044,-0.042464436962530196,-0.04754705596409745,ORIGINAL_OOS
2020-02-29,-0.040890656522277684,-0.032909004657129724,-0.016560912075655815,-0.016560912075655815,-0.007362,-0.01646216712315075,-0.06280979001367011,ORIGINAL_OOS
2020-03-31,-0.11474080529097971,-0.09272004578657077,-0.04026214974498026,-0.04026214974498026,-0.002224,-0.11522475,-0.20095802480530936,ORIGINAL_OOS
2020-04-30,-0.0017168232831399068,0.011321922693250023,0.02601281105546758,0.02601281105546758,0.072611,-0.0017168232831399068,-0.017051944143819695,ORIGINAL_OOS
2020-05-31,0.053440094716089695,0.037326121092575874,0.012306249024283964,0.012306249024283964,0.025882,0.025150601246932063,0.1062322993442267,ORIGINAL_OOS
2020-06-30,0.0308759488134002,0.025046045945702578,0.03642985349081933,0.03642985349081933,0.027377,0.027377,0.049383658425239896,ORIGINAL_OOS
2020-07-31,0.06818690118668326,0.07513216057926231,0.09412542649902086,0.09412542649902086,0.107905,0.0937252203697884,0.05845025294185343,ORIGINAL_OOS
2020-08-31,0.03859611212996092,0.03440980550373878,0.027708463652417522,0.027708463652417522,-0.003236,-0.0036755760030592398,0.05196353026175689,ORIGINAL_OOS
2020-09-30,-0.03235657201950689,-0.027540233306509773,-0.03630452609044572,-0.03630452609044572,-0.041714,-0.041714,-0.0448507467406,ORIGINAL_OOS
2020-10-31,-0.01725634571453005,-0.007621781668805119,0.010378356966235824,0.010378356966235824,-0.005194,-0.005194,-0.023887938546286073,ORIGINAL_OOS
2020-11-30,0.07346737673043907,0.05287468895967021,0.12676901343833052,0.018849802286028054,-0.054086,-0.054086,0.12137389172838076,ORIGINAL_OOS
2020-12-31,0.04029684349712874,0.040294554317805806,0.016668947495806528,0.03927055800432701,0.070139,0.015677439014467224,0.05011389237504228,ORIGINAL_OOS
2021-01-31,0.004474936259254898,-0.003999916338295919,-0.002195770422111164,-0.028990894789251525,-0.032238,-0.002195770422111164,0.0033354760608725136,ORIGINAL_OOS
2021-02-28,0.06286804331645404,0.046109303471576546,0.0776806423014112,0.01837871703610317,0.110111,0.017809478768913423,-0.02791156880237378,ORIGINAL_OOS
2021-03-31,-0.011303739518498954,-0.01265822996119135,-0.006223843495950048,-0.005976506054194341,-0.003743,-0.004234386655537055,-0.010258552469424134,ORIGINAL_OOS
2021-04-30,0.06804079811108217,0.07123637283798129,0.07752520667302579,0.07752520667302579,0.065616,0.065616,0.030830723311689023,ORIGINAL_OOS
2021-05-31,0.046039829791712554,0.041972952251628684,0.048284951271221184,0.048284951271221184,0.049533,0.04769954421234327,0.05579573893803218,ORIGINAL_OOS
2021-06-30,-0.0117457873134257,-0.014980364721906213,0.0006510499417295839,0.0006510499417295839,0.066348,0.06573422563028823,-0.05346869578616617,ORIGINAL_OOS
2021-07-31,0.01967798328778202,0.01655353004345483,0.026282534773679127,0.026282534773679127,0.025728,0.025728,0.0190551945753154,ORIGINAL_OOS
2021-08-31,-0.00028381684004261045,0.004854768994492879,-0.010555767850828342,-0.010555767850828342,-0.02946,-0.02946,-0.00035990505257773485,ORIGINAL_OOS
2021-09-30,0.013114831053259123,0.005244878583576852,0.03393743133315146,0.03393743133315146,0.091488,0.091488,-0.022925737037572794,ORIGINAL_OOS
2021-10-31,0.03378541231641838,0.027868932986790742,0.030149865075622905,0.052406238738576694,0.076748,0.076748,0.011861610014732111,ORIGINAL_OOS
2021-11-30,-0.04308187132380413,-0.03447764536123597,-0.0819437172967562,-0.08132461269306626,-0.144737,-0.144737,-0.0055340125976578135,ORIGINAL_OOS
2021-12-31,0.053243439571650446,0.04499499338730045,0.04058260108558501,0.04058260108558501,0.094872,0.094872,0.02501554200782265,ORIGINAL_OOS
2022-01-31,0.043339574237849746,0.03058029484690222,0.0706038733498676,0.0706038733498676,0.140515,0.140515,-0.008233425542434638,ORIGINAL_OOS
2022-02-28,0.05548571861300917,0.05289099225156861,0.0637434718665039,0.0637434718665039,0.055955,0.055955,0.044677747232106255,ORIGINAL_OOS
2022-03-31,0.05945878367143246,0.05084112886503279,0.07997122945221966,0.07997122945221966,0.122022,0.122022,0.01142386862058342,ORIGINAL_OOS
2022-04-30,0.00197523810287898,-0.008502835471653081,-0.018470201404178724,-0.018470201404178724,0.100087,0.100087,-0.01079182247363243,ORIGINAL_OOS
2022-05-31,0.005737104279982835,-0.004617020317366826,0.011112955265980225,0.011112955265980225,0.09295,0.09295,-0.02124369402564365,ORIGINAL_OOS
2022-06-30,-0.07511192178757028,-0.07240801906355952,-0.07047875916708699,-0.07047875916708699,-0.056937,-0.07130455831622333,-0.018322340443540048,ORIGINAL_OOS
2022-07-31,-0.011336227433338765,-0.01367814936254995,-0.012960473629518144,-0.012960473629518144,-0.022927,-0.012960473629518144,-0.010306907141575962,ORIGINAL_OOS
2022-08-31,-0.008643119776111761,-0.00686021276577936,0.011326435115180722,0.011326435115180722,-0.018772,0.011326435115180722,-0.011186823638307215,ORIGINAL_OOS
2022-09-30,-0.05976280036787717,-0.04642412604133459,-0.04727393793248151,-0.04727393793248151,-0.098047,-0.04727393793248151,-0.010262036154174516,ORIGINAL_OOS
2022-10-31,0.01037001513568272,-0.0026744644762125166,0.014865885437669929,0.014865885437669929,0.086757,0.014865885437669929,-0.00614938052922747,ORIGINAL_OOS
2022-11-30,0.055639103575489075,0.05738124247198259,0.003596733376364985,0.003596733376364985,-0.018432,0.003596733376364985,0.03572140411662814,ORIGINAL_OOS
2022-12-31,-0.009774849536023976,0.0007883546066224125,0.018179019430557032,-0.008489514318005313,-0.053554,0.00042881210538572384,0.01675367125403335,ORIGINAL_OOS
2023-01-31,0.040708926897929903,0.03517754046952852,0.08083065884097197,-0.005097472667373161,-0.028231,-0.005559440560042414,0.03735376418133456,ORIGINAL_OOS
2023-02-28,-0.04145489302576692,-0.03295184709189615,-0.06177647650552611,-0.046307256806288936,-0.031321,-0.0419295,-0.03688579701345201,ORIGINAL_OOS
2023-03-31,0.01293457424232229,0.021478027970585005,0.053267232594061006,-0.0027310505020397956,-0.037282,0.021288410855966066,-0.019100777252534187,ORIGINAL_OOS
2023-04-30,-0.007705341789678143,0.004201218569167663,-0.012757123933438667,0.019258660265236364,0.007624,-0.007903286198102651,-0.027031991898846457,ORIGINAL_OOS
2023-05-31,-0.047532709551491414,-0.038965667164944796,-0.03673679566026977,-0.0198069753999344,-0.01342,-0.037228015651389786,-0.07553855752873373,ORIGINAL_OOS
2023-06-30,0.019937715816792954,0.02216275509066173,0.009850433575832337,0.01047057737896071,-0.022214,0.021567989108280627,0.04307760976438696,ORIGINAL_OOS
2023-07-31,0.06573890781070303,0.056893397795306395,0.03558116291868551,0.03558116291868551,0.022887,0.035278578747528926,0.10731551570620361,ORIGINAL_OOS
2023-08-31,-0.012162903702579473,-0.01039904067042987,-0.010001289989872817,-0.010001289989872817,-0.012778,-0.010645834754934953,-0.005740587453374074,ORIGINAL_OOS
2023-09-30,0.002574100545324052,-0.008071343012796188,-0.004094467862197372,-0.025621402687145977,-0.047606,-0.008071343012796188,0.034701215081697205,ORIGINAL_OOS
2023-10-31,0.0038635564981218495,0.017060174207134605,0.011157996148467188,0.02796689980611406,0.073724,0.017060174207134605,-0.003565592914441627,ORIGINAL_OOS
2023-11-30,-0.0014744059233145774,0.0029063621304554806,-0.006030551003799154,0.01528153680255232,0.025314,-0.006342711431533598,-0.03427218538644005,ORIGINAL_OOS
2023-12-31,-0.003219758939721536,-0.010573277286283097,-0.034343072327671045,-0.014499952481497835,0.012821,-0.034343072327671045,-0.008174971255946323,ORIGINAL_OOS
2024-01-31,0.009799308179243566,0.018328284297631524,-0.021607153926870834,0.02369557660998966,-0.014228,-0.021607153926870834,0.015506296023861792,ORIGINAL_OOS
2024-02-29,0.0006019252542226012,0.006110047188416911,0.01707137469410297,0.0176541730548206,0.024428,0.01707137469410297,-0.010279429921528733,ORIGINAL_OOS
2024-03-31,0.07022656531334018,0.0806573843777844,0.10452379405274992,0.10452379405274992,0.116321,0.10452379405274992,0.03694544341586047,ORIGINAL_OOS
2024-04-30,0.03895639185948864,0.03745646295795147,0.012474210960874943,0.012474210960874943,-0.004847,0.012474210960874943,0.05450208517183458,ORIGINAL_OOS
2024-05-31,0.008042392790077874,0.009953618287367301,0.022058870536828652,0.018018397306215687,0.019886,0.022058870536828652,-0.020731252849307602,ORIGINAL_OOS
2024-06-30,-0.012352040436152649,-0.015381295307655748,-0.04504656747008154,-0.04553250475994857,-0.052925,-0.053326933915392324,0.026071727015539135,ORIGINAL_OOS
2024-07-31,-0.009376267864872185,-0.002774561077650035,0.02718830730015098,0.005716536241400992,0.052672,0.052672,-0.020177800637324755,ORIGINAL_OOS
2024-08-31,0.015279866945796125,0.011988323644279195,0.0337739797365418,0.03332584921103579,0.020923,0.03332584921103579,-0.022650803234904086,ORIGINAL_OOS
2024-09-30,0.029664259982295826,0.027647625730633146,0.053286130022961765,0.049826680909142065,0.050889,0.053286130022961765,-0.01279593925753097,ORIGINAL_OOS
2024-10-31,0.00899486953389171,0.014012904407879764,0.0223900785459772,0.015602050730652052,0.042994,0.042588368586478006,0.028315076069361473,ORIGINAL_OOS
2024-11-30,-0.0017825129749512282,-0.005351478881266769,-0.0006622329888283469,-0.0002955568877364076,-0.031241,-0.031241,-0.008462901222323146,ORIGINAL_OOS
2024-12-31,0.010259182140911736,0.01085805533493146,0.006147226954080517,0.006147226954080517,-0.014089,-0.014089,0.034886254622623895,ORIGINAL_OOS
2025-01-31,0.03144105560086788,0.03527165933965448,0.05464001800670782,0.05464001800670782,0.036983999999999996,0.05421122645707976,0.02714913466969155,FROZEN_POLICY_TEMPORAL_EXTENSION
2025-02-28,-0.0011831554517189086,-0.0011378624762844957,-0.007947202937940982,-0.007947202937940982,0.017216,-0.007947202937940982,-0.001759008597053365,FROZEN_POLICY_TEMPORAL_EXTENSION
2025-03-31,0.03138401186823097,0.036679367911205046,0.052208876423760174,0.052208876423760174,0.094466,0.052208876423760174,0.025941753122269016,FROZEN_POLICY_TEMPORAL_EXTENSION
2025-04-30,-0.03379178798274762,-0.03349196150683146,-0.04477106129939531,0.0012468272223408983,0.054245,0.05384629331492019,-0.10668577778913149,FROZEN_POLICY_TEMPORAL_EXTENSION
2025-05-31,0.012637619125518062,0.011346455957728775,-0.002849543405755501,-0.002849543405755501,-0.00056,-0.00056,0.024653500064503626,FROZEN_POLICY_TEMPORAL_EXTENSION
2025-06-30,0.027831091271374418,0.02335906710584794,-0.008513087057995855,-0.008513087057995855,0.004051,-0.009016170975522009,0.06841611351486722,FROZEN_POLICY_TEMPORAL_EXTENSION
2025-07-31,0.010567432794646241,0.005566947678876139,-0.006427045651340837,-0.008009423429807653,-0.006135,-0.00663822820721183,0.04655286110956764,FROZEN_POLICY_TEMPORAL_EXTENSION
2025-08-31,0.026166356870030723,0.034269872513031194,0.013655914266284899,0.061892948451999504,0.049875,0.013724483046000553,-0.011654526527904857,FROZEN_POLICY_TEMPORAL_EXTENSION
2025-09-30,0.030944515398378156,0.03227208674660909,0.03712417396663563,0.037619068621401824,0.117584,0.03712417396663563,0.011266192190271546,FROZEN_POLICY_TEMPORAL_EXTENSION
2025-10-31,0.0239080410642153,0.025464706842660736,0.053878609790623526,0.02167810313860308,0.035587,0.035104787491496724,0.02047994020783369,FROZEN_POLICY_TEMPORAL_EXTENSION
2025-11-30,0.013027236753572686,0.012421169865597262,0.025293050597443238,0.024787425420000602,0.053678,0.053678,-0.0022925717718045744,FROZEN_POLICY_TEMPORAL_EXTENSION
2025-12-31,0.011641221531260825,0.015751333380609536,0.04794545494127904,0.04794545494127904,0.021734,0.021734,-0.014105087365910369,FROZEN_POLICY_TEMPORAL_EXTENSION
2026-01-31,0.08417016311617675,0.07376781975286469,0.08531761491732114,0.08531761491732114,0.12273220458731804,0.12273220458731804,0.13022912250146965,FROZEN_POLICY_TEMPORAL_EXTENSION
2026-02-28,0.029865061058447703,0.028940992477429674,0.045072937447685764,0.045072937447685764,0.08720080907967187,0.08720080907967187,0.009663499564952473,FROZEN_POLICY_TEMPORAL_EXTENSION
2026-03-31,0.08685793086585814,0.047807401665248404,-0.06701111764528635,-0.06701111764528635,-0.11051162790697666,-0.11051162790697666,0.2891550448110064,FROZEN_POLICY_TEMPORAL_EXTENSION
2026-04-30,0.048420613135718306,0.0357832152187354,0.027165504139971493,0.027165504139971493,0.12455140821174082,0.12455140821174082,0.031141634722080303,FROZEN_POLICY_TEMPORAL_EXTENSION
2026-05-31,-0.023038640675565873,-0.005246711353475384,0.017170440447455866,0.017170440447455866,-0.09345794392523366,-0.09345794392523366,-0.009795232847135365,FROZEN_POLICY_TEMPORAL_EXTENSION
